{
    "Pr": [
        -0.55838298, 
        [
            "PAW_PBE Pr_3 07Sep2000"
        ]
    ], 
    "Ni": [
        -0.96290643, 
        [
            "PAW_PBE Ni_pv 06Sep2000"
        ]
    ], 
    "Yb": [
        -0.0641172, 
        [
            "PAW_PBE Yb_2 06Sep2000"
        ]
    ], 
    "Pd": [
        -1.47789182, 
        [
            "PAW_PBE Pd 05Jan2001"
        ]
    ], 
    "Pt": [
        -0.60632584, 
        [
            "PAW_PBE Pt 05Jan2001"
        ]
    ], 
    "Ru": [
        -2.58046717, 
        [
            "PAW_PBE Ru_pv 06Sep2000"
        ]
    ], 
    "Na": [
        -0.2287928, 
        [
            "PAW_PBE Na_pv 05Jan2001"
        ]
    ], 
    "Nb": [
        -3.1540411, 
        [
            "PAW_PBE Nb_pv 08Apr2002"
        ]
    ], 
    "Nd": [
        -0.52785127, 
        [
            "PAW_PBE Nd_3 06Sep2000"
        ]
    ], 
    "Mg": [
        -0.09585551, 
        [
            "PAW_PBE Mg_pv 06Sep2000"
        ]
    ], 
    "Li": [
        -0.29754136, 
        [
            "PAW_PBE Li_sv 23Jan2001"
        ]
    ], 
    "Dy": [
        -0.29257809, 
        [
            "PAW_PBE Dy_3 06Sep2000"
        ]
    ], 
    "Y": [
        -2.29396597, 
        [
            "PAW_PBE Y_sv 06Sep2000"
        ]
    ], 
    "Tl": [
        -0.32002013, 
        [
            "PAW_PBE Tl_d 06Sep2000"
        ]
    ], 
    "Tm": [
        -0.28804705, 
        [
            "PAW_PBE Tm_3 20Jan2003"
        ]
    ], 
    "Rb": [
        -0.18868175, 
        [
            "PAW_PBE Rb_sv 06Sep2000"
        ]
    ], 
    "Ti": [
        -2.62082748, 
        [
            "PAW_PBE Ti_pv 07Sep2000"
        ]
    ], 
    "Te": [
        -0.66919237, 
        [
            "PAW_PBE Te 08Apr2002"
        ]
    ], 
    "Rh": [
        -1.73615501, 
        [
            "PAW_PBE Rh_pv 06Sep2000"
        ]
    ], 
    "Tc": [
        -3.53760454, 
        [
            "PAW_PBE Tc_pv 06Sep2000"
        ]
    ], 
    "Pm": [
        -0.49928055, 
        [
            "PAW_PBE Pm_3 07Sep2000"
        ]
    ], 
    "Be": [
        -0.01809979, 
        [
            "PAW_PBE Be_sv 06Sep2000"
        ]
    ], 
    "Xe": [
        -0.00913977, 
        [
            "PAW_PBE Xe 07Sep2000"
        ]
    ], 
    "Ba": [
        -0.03496621, 
        [
            "PAW_PBE Ba_sv 06Sep2000"
        ]
    ], 
    "Tb": [
        -0.3981584, 
        [
            "PAW_PBE Tb_3 06Sep2000"
        ]
    ], 
    "La": [
        -0.69101677, 
        [
            "PAW_PBE La 06Sep2000"
        ]
    ], 
    "Si": [
        -0.81245392, 
        [
            "PAW_PBE Si 05Jan2001"
        ]
    ], 
    "As": [
        -1.68331258, 
        [
            "PAW_PBE As 06Sep2000"
        ]
    ], 
    "W": [
        -4.65587281, 
        [
            "PAW_PBE W_pv 06Sep2000"
        ]
    ], 
    "Gd": [
        -10.35151156, 
        [
            "PAW_PBE Gd 08Apr2002"
        ]
    ], 
    "Fe": [
        -3.4679578, 
        [
            "PAW_PBE Fe_pv 06Sep2000"
        ]
    ], 
    "Br": [
        -0.20266972, 
        [
            "PAW_PBE Br 06Sep2000"
        ]
    ], 
    "Sr": [
        -0.06846123, 
        [
            "PAW_PBE Sr_sv 07Sep2000"
        ]
    ], 
    "Ta": [
        -3.60476942, 
        [
            "PAW_PBE Ta_pv 07Sep2000"
        ]
    ], 
    "Hf": [
        -3.53134069, 
        [
            "PAW_PBE Hf_pv 06Sep2000"
        ]
    ], 
    "Mo": [
        -4.6015601, 
        [
            "PAW_PBE Mo_pv 08Apr2002"
        ]
    ], 
    "He": [
        -0.00061619, 
        [
            "PAW_PBE He 05Jan2001"
        ]
    ], 
    "C": [
        -1.25635513, 
        [
            "PAW_PBE C 08Apr2002"
        ]
    ], 
    "B": [
        -0.24927099, 
        [
            "PAW_PBE B 06Sep2000"
        ]
    ], 
    "F": [
        -0.49764821, 
        [
            "PAW_PBE F 08Apr2002"
        ]
    ], 
    "I": [
        -0.16977699, 
        [
            "PAW_PBE I 08Apr2002"
        ]
    ], 
    "H": [
        -1.1176351, 
        [
            "PAW_PBE H 15Jun2001"
        ]
    ], 
    "K": [
        -0.22837447, 
        [
            "PAW_PBE K_sv 06Sep2000"
        ]
    ], 
    "Mn": [
        -5.32427462, 
        [
            "PAW_PBE Mn_pv 07Sep2000"
        ]
    ], 
    "Lu": [
        -0.3827339, 
        [
            "PAW_PBE Lu_3 06Sep2000"
        ]
    ], 
    "O": [
        -1.64865747, 
        [
            "PAW_PBE O 08Apr2002"
        ]
    ], 
    "Ne": [
        -0.01201194, 
        [
            "PAW_PBE Ne 05Jan2001"
        ]
    ], 
    "P": [
        -1.88784085, 
        [
            "PAW_PBE P 17Jan2003"
        ]
    ], 
    "S": [
        -0.94169649, 
        [
            "PAW_PBE S 17Jan2003"
        ]
    ], 
    "Re": [
        -4.70082325, 
        [
            "PAW_PBE Re_pv 06Sep2000"
        ]
    ], 
    "Kr": [
        -0.03214167, 
        [
            "PAW_PBE Kr 07Sep2000"
        ]
    ], 
    "Sm": [
        -0.47763998, 
        [
            "PAW_PBE Sm_3 07Sep2000"
        ]
    ], 
    "V": [
        -3.68232185, 
        [
            "PAW_PBE V_pv 07Sep2000"
        ]
    ], 
    "Sc": [
        -2.18997745, 
        [
            "PAW_PBE Sc_sv 07Sep2000"
        ]
    ], 
    "Sb": [
        -1.4105746, 
        [
            "PAW_PBE Sb 06Sep2000"
        ]
    ], 
    "Bi": [
        -1.32596466, 
        [
            "PAW_PBE Bi 08Apr2002"
        ]
    ], 
    "N": [
        -3.12549204, 
        [
            "PAW_PBE N 08Apr2002"
        ]
    ], 
    "Os": [
        -2.92184575, 
        [
            "PAW_PBE Os_pv 20Jan2003"
        ]
    ], 
    "Se": [
        -0.79381616, 
        [
            "PAW_PBE Se 06Sep2000"
        ]
    ], 
    "Hg": [
        -0.12393305, 
        [
            "PAW_PBE Hg 06Sep2000"
        ]
    ], 
    "Zn": [
        -0.16466169, 
        [
            "PAW_PBE Zn 06Sep2000"
        ]
    ], 
    "Co": [
        -1.97521029, 
        [
            "PAW_PBE Co 06Sep2000"
        ]
    ], 
    "Ag": [
        -0.33920589, 
        [
            "PAW_PBE Ag 06Sep2000"
        ]
    ], 
    "Cl": [
        -0.23908854, 
        [
            "PAW_PBE Cl 17Jan2003"
        ]
    ], 
    "Ca": [
        -0.09309928, 
        [
            "PAW_PBE Ca_sv 06Sep2000"
        ]
    ], 
    "Ir": [
        -1.53752434, 
        [
            "PAW_PBE Ir 06Sep2000"
        ]
    ], 
    "Eu": [
        -8.3669789, 
        [
            "PAW_PBE Eu 08Apr2002"
        ]
    ], 
    "Al": [
        -0.19668772, 
        [
            "PAW_PBE Al 04Jan2001"
        ]
    ], 
    "Ce": [
        -1.35374396, 
        [
            "PAW_PBE Ce 28Sep2000"
        ]
    ], 
    "Cd": [
        -0.16764565, 
        [
            "PAW_PBE Cd 06Sep2000"
        ]
    ], 
    "Ho": [
        -0.33913417, 
        [
            "PAW_PBE Ho_3 06Sep2000"
        ]
    ], 
    "Ge": [
        -0.85972154, 
        [
            "PAW_PBE Ge_d 06Sep2000"
        ]
    ], 
    "Ar": [
        -0.04897348, 
        [
            "PAW_PBE Ar 07Sep2000"
        ]
    ], 
    "Au": [
        -0.28762824, 
        [
            "PAW_PBE Au 06Sep2000"
        ]
    ], 
    "Zr": [
        -2.28504153, 
        [
            "PAW_PBE Zr_sv 07Sep2000"
        ]
    ], 
    "Ga": [
        -0.34109297, 
        [
            "PAW_PBE Ga_d 06Sep2000"
        ]
    ], 
    "In": [
        -0.36157903, 
        [
            "PAW_PBE In_d 06Sep2000"
        ]
    ], 
    "Cs": [
        -0.1384569, 
        [
            "PAW_PBE Cs_sv 08Apr2002"
        ]
    ], 
    "Cr": [
        -5.60245747, 
        [
            "PAW_PBE Cr_pv 07Sep2000"
        ]
    ], 
    "Pb": [
        -0.75669294, 
        [
            "PAW_PBE Pb_d 06Sep2000"
        ]
    ], 
    "Er": [
        -0.39022321, 
        [
            "PAW_PBE Er_3 06Sep2000"
        ]
    ],