,minLC,maxLC,minNu,maxNu,K_Voigt_Reuss_Hill,Emin,Emax,Gmin,Gmax
mp-542136,8.347978910369063,9.666080843585236,0.1732545238171108,0.3733145138280447,38.07371557333413,47.8078213356851,61.12941928632303,18.14589828726,24.854101958036804
